seq,length
pair_0,38.500000
pair_1,40.000000
